intersect_bp,f_orig_query,f_match,f_unique_to_query,f_unique_weighted,average_abund,median_abund,std_abund,filename,name,md5,f_match_orig,unique_intersect_bp,gather_result_rank,remaining_bp,query_filename,query_name,query_md5,query_bp,ksize,moltype,scaled,query_n_hashes,query_abundance,query_containment_ani,match_containment_ani,average_containment_ani,max_containment_ani,potential_false_negative,n_unique_weighted_found,sum_weighted_found,total_weighted_hashes
3965000,0.0023850154860589378,0.8289776291030734,0.0023850154860589378,0.004081491094365504,2.9087011349306433,2.0,1.87846022445009,/nfs3_ib/nfs-ip34//home/def-ilafores/analysis/NovelTaxa/Boreal_mosses/tmp/sourmash/sketches/nMAGs_index.sbt.zip,Green_V.bin.4,149bc73cde4daccce1ff3ad6c7928241,0.8289776291030734,3965000,0,32544000,/nfs3_ib/nfs-ip34/home/def-ilafores/analysis/boreal_moss/preproc/S-5-DICUND-B/S-5-DICUND-B_unmatched_2.fastq,S-5-DICUND-B,fe566679,1662463000,31,DNA,1000,1662463,True,0.8230058875480342,0.9939678761218788,0.9084868818349565,0.9939678761218788,False,11533,11533,2825683
3665000,0.0022045603420948316,0.9682959048877147,0.0022045603420948316,0.006701034758676044,5.16643929058663,5.0,2.9671448756152916,/nfs3_ib/nfs-ip34//home/def-ilafores/analysis/NovelTaxa/Boreal_mosses/tmp/sourmash/sketches/nMAGs_index.sbt.zip,Brown_V.bin.1,03486ec45fd47f4543de26df4b41d409,0.9682959048877147,3665000,1,28879000,/nfs3_ib/nfs-ip34/home/def-ilafores/analysis/boreal_moss/preproc/S-5-DICUND-B/S-5-DICUND-B_unmatched_2.fastq,S-5-DICUND-B,fe566679,1662463000,31,DNA,1000,1662463,True,0.8209197597552417,0.9989612640036382,0.9099405118794399,0.9989612640036382,False,18935,30468,2825683
3423000,0.0020589931926304527,0.9484621778886118,0.0020589931926304527,0.007891897286425972,6.514753140520011,6.0,3.91387730684129,/nfs3_ib/nfs-ip34//home/def-ilafores/analysis/NovelTaxa/Boreal_mosses/tmp/sourmash/sketches/nMAGs_index.sbt.zip,Green_V.bin.5,7b27b0848ce39b7e6d2dbbd556a44f25,0.9484621778886118,3423000,2,25456000,/nfs3_ib/nfs-ip34/home/def-ilafores/analysis/boreal_moss/preproc/S-5-DICUND-B/S-5-DICUND-B_unmatched_2.fastq,S-5-DICUND-B,fe566679,1662463000,31,DNA,1000,1662463,True,0.8191127891357328,0.998294573118117,0.9087036811269249,0.998294573118117,False,22300,52768,2825683
1534000,0.00092272730280313,0.19043478260869565,0.0009221257856565831,0.0014024927778522928,2.5851272015655575,2.0,2.705137642976164,/nfs3_ib/nfs-ip34/home/def-ilafores/ref_dbs/sourmash_db/gtdb-rs214-reps.k31.zip,"GCA_003168295.1 Actinobacteria bacterium 20110700_P1S",534fd927aebe6f237c90b1c711379652,0.19055900621118013,1533000,3,23923000,/nfs3_ib/nfs-ip34/home/def-ilafores/analysis/boreal_moss/preproc/S-5-DICUND-B/S-5-DICUND-B_unmatched_2.fastq,S-5-DICUND-B,fe566679,1662463000,31,DNA,1000,1662463,True,0.7981768747737336,0.9479275477420748,0.8730522112579042,0.9479275477420748,False,3963,56731,2825683
1302000,0.0007831753248042212,0.2219182766284835,0.0007807692562180331,0.0007665403373272939,1.6687211093990755,1.0,1.3585176359592572,/nfs3_ib/nfs-ip34//home/def-ilafores/analysis/NovelTaxa/Boreal_mosses/tmp/sourmash/sketches/nMAGs_index.sbt.zip,Brown_Z.bin.2,00ce00a9b6824f3d4635fbeb618f8c05,0.22260215421439564,1298000,4,22625000,/nfs3_ib/nfs-ip34/home/def-ilafores/analysis/boreal_moss/preproc/S-5-DICUND-B/S-5-DICUND-B_unmatched_2.fastq,S-5-DICUND-B,fe566679,1662463000,31,DNA,1000,1662463,True,0.7939659964468735,0.9526920915680009,0.8733290440074373,0.9526920915680009,False,2166,58897,2825683
1284000,0.0007723480161663748,0.554735013032146,0.0007681373961405457,0.00115618064729837,2.558339859044636,2.0,2.1272928448360884,/nfs3_ib/nfs-ip34//home/def-ilafores/analysis/NovelTaxa/Boreal_mosses/tmp/sourmash/sketches/nMAGs_index.sbt.zip,Green_V.bin.11,48f14bc9b40dc87ea93b45b7252ad0ab,0.5577758470894874,1277000,5,21348000,/nfs3_ib/nfs-ip34/home/def-ilafores/analysis/boreal_moss/preproc/S-5-DICUND-B/S-5-DICUND-B_unmatched_2.fastq,S-5-DICUND-B,fe566679,1662463000,31,DNA,1000,1662463,True,0.7936095258678643,0.9813440209603522,0.8874767734141082,0.9813440209603522,False,3267,62164,2825683
1261000,0.0007585131217957933,0.15791599353796446,0.0007055796128996555,0.000832365130837394,2.0051150895140664,1.0,2.1692985476417115,/nfs3_ib/nfs-ip34/home/def-ilafores/ref_dbs/sourmash_db/gtdb-rs214-reps.k31.zip,"GCA_003140115.1 Actinobacteria bacterium 20110800_P3S",5d08828e11b23e9a21f980ed7f2267dc,0.16976305869682284,1173000,6,20175000,/nfs3_ib/nfs-ip34/home/def-ilafores/analysis/boreal_moss/preproc/S-5-DICUND-B/S-5-DICUND-B_unmatched_2.fastq,S-5-DICUND-B,fe566679,1662463000,31,DNA,1000,1662463,True,0.7931469313929513,0.9444005514196768,0.8687737414063141,0.9444005514196768,False,2352,64516,2825683
886000,0.0005329441918406605,0.2734567901234568,0.0005329441918406605,0.0005159814459017519,1.6455981941309255,1.0,1.3031988049540864,/nfs3_ib/nfs-ip34/home/def-ilafores/ref_dbs/sourmash_db/gtdb-rs214-reps.k31.zip,"GCA_903970385.1 Rhodospirillales bacterium BOG_genome_mining.22",184f66a2c882535d504dc2c45dabcb82,0.2734567901234568,886000,7,19289000,/nfs3_ib/nfs-ip34/home/def-ilafores/analysis/boreal_moss/preproc/S-5-DICUND-B/S-5-DICUND-B_unmatched_2.fastq,S-5-DICUND-B,fe566679,1662463000,31,DNA,1000,1662463,True,0.7841679500928554,0.9590364633852694,0.8716022067390624,0.9590364633852694,False,1458,65974,2825683
822000,0.0004944470944616511,0.11561181434599156,0.0004944470944616511,0.0004671436958781293,1.6058394160583942,1.0,1.1325165069200422,/nfs3_ib/nfs-ip34/home/def-ilafores/ref_dbs/sourmash_db/gtdb-rs214-reps.k31.zip,"GCF_900105735.1 Pseudomonas yamanorum strain=LMG 27247 IMG-taxon 2667528168 annotated assembly",6f93d8da673f68978a26c3ea6ebcd1dc,0.11561181434599156,822000,8,18467000,/nfs3_ib/nfs-ip34/home/def-ilafores/analysis/boreal_moss/preproc/S-5-DICUND-B/S-5-DICUND-B_unmatched_2.fastq,S-5-DICUND-B,fe566679,1662463000,31,DNA,1000,1662463,True,0.7822736543071288,0.9327693456030844,0.8575214999551066,0.9327693456030844,False,1320,67294,2825683
981000,0.0005900883207626275,0.20980339348235927,0.00046858185716012926,0.0007063778916460197,2.562259306803594,2.0,2.4650914320663158,/nfs3_ib/nfs-ip34//home/def-ilafores/analysis/NovelTaxa/Boreal_mosses/tmp/sourmash/sketches/nMAGs_index.sbt.zip,Green_U.bin.3,7b1879a1768f3cfedec21f208b4010bf,0.2642068408295179,779000,9,17688000,/nfs3_ib/nfs-ip34/home/def-ilafores/analysis/boreal_moss/preproc/S-5-DICUND-B/S-5-DICUND-B_unmatched_2.fastq,S-5-DICUND-B,fe566679,1662463000,31,DNA,1000,1662463,True,0.7867486980086602,0.9579724822079585,0.8723605901083094,0.9579724822079585,False,1996,69290,2825683
693000,0.0004168513825570855,0.09797822706065319,0.0004168513825570855,0.0003358480055972308,1.3694083694083694,1.0,0.9032820207399249,/nfs3_ib/nfs-ip34//home/def-ilafores/analysis/NovelTaxa/Boreal_mosses/tmp/sourmash/sketches/nMAGs_index.sbt.zip,Green_W.bin.2,5575d8948e87a9e5182f28582ff5a2c6,0.09797822706065319,693000,10,16995000,/nfs3_ib/nfs-ip34/home/def-ilafores/analysis/boreal_moss/preproc/S-5-DICUND-B/S-5-DICUND-B_unmatched_2.fastq,S-5-DICUND-B,fe566679,1662463000,31,DNA,1000,1662463,True,0.7779776793114824,0.9278030434509671,0.8528903613812248,0.9278030434509671,False,949,70239,2825683
638000,0.0003837679394969993,0.1389762011674899,0.0003723391137126059,0.00029868884797056147,1.3634894991922455,1.0,0.6859010119495733,/nfs3_ib/nfs-ip34//home/def-ilafores/analysis/NovelTaxa/Boreal_mosses/tmp/sourmash/sketches/nMAGs_index.sbt.zip,Brown_Y.bin.2,9ffa6ea1067881b644496d3439d08a0f,0.143242029636282,619000,11,16376000,/nfs3_ib/nfs-ip34/home/def-ilafores/analysis/boreal_moss/preproc/S-5-DICUND-B/S-5-DICUND-B_unmatched_2.fastq,S-5-DICUND-B,fe566679,1662463000,31,DNA,1000,1662463,True,0.7759052088911986,0.939239755137939,0.8575724820145688,0.939239755137939,False,844,71083,2825683
598000,0.0003597072536351185,0.10365747963251863,0.0003597072536351185,0.00034257204364396146,1.6187290969899666,1.0,1.9845010805367915,/nfs3_ib/nfs-ip34//home/def-ilafores/analysis/NovelTaxa/Boreal_mosses/tmp/sourmash/sketches/nMAGs_index.sbt.zip,Brown_W.bin.4,ba83d614a40f3c3e583763a488b944cb,0.10365747963251863,598000,12,15778000,/nfs3_ib/nfs-ip34/home/def-ilafores/analysis/boreal_moss/preproc/S-5-DICUND-B/S-5-DICUND-B_unmatched_2.fastq,S-5-DICUND-B,fe566679,1662463000,31,DNA,1000,1662463,True,0.7742863212270873,0.9294909852769766,0.851888653252032,0.9294909852769766,False,968,72051,2825683
573000,0.00034466932497144296,0.07711085582998277,0.0003230147076957502,0.0003726532664845986,1.9608938547486034,1.0,2.1490887467126973,/nfs3_ib/nfs-ip34/home/def-ilafores/ref_dbs/sourmash_db/gtdb-rs214-reps.k31.zip,"GCA_003164955.1 Actinobacteria bacterium 20120700_S1D",7017844c070f5258ee8869c83df272c8,0.08228029867892016,537000,13,15241000,/nfs3_ib/nfs-ip34/home/def-ilafores/analysis/boreal_moss/preproc/S-5-DICUND-B/S-5-DICUND-B_unmatched_2.fastq,S-5-DICUND-B,fe566679,1662463000,31,DNA,1000,1662463,True,0.7732204128037259,0.9225917013823908,0.8479060570930583,0.9225917013823908,False,1053,73104,2825683
533000,0.00032060863910956215,0.12971525918715016,0.00032060863910956215,0.0002703771088264324,1.4333958724202627,1.0,1.0529023173182341,/nfs3_ib/nfs-ip34//home/def-ilafores/analysis/NovelTaxa/Boreal_mosses/tmp/sourmash/sketches/nMAGs_index.sbt.zip,Green_M.bin.1,59f2fd9c8aa48868c34656193dd6352f,0.12971525918715016,533000,14,14708000,/nfs3_ib/nfs-ip34/home/def-ilafores/analysis/boreal_moss/preproc/S-5-DICUND-B/S-5-DICUND-B_unmatched_2.fastq,S-5-DICUND-B,fe566679,1662463000,31,DNA,1000,1662463,True,0.7714175646790834,0.9362391735078325,0.8538283690934579,0.9362391735078325,False,764,73868,2825683
653000,0.00039279069669520463,0.1014095536413469,0.00031158588191135684,0.00040308838606453734,2.198841698841699,1.0,2.3752745441882985,/nfs3_ib/nfs-ip34/home/def-ilafores/ref_dbs/sourmash_db/gtdb-rs214-reps.k31.zip,"GCA_003161205.1 Actinobacteria bacterium 20110600_P3S",4bd6cd7e887de98d85a6e5282d45962b,0.1278386844166014,518000,15,14190000,/nfs3_ib/nfs-ip34/home/def-ilafores/analysis/boreal_moss/preproc/S-5-DICUND-B/S-5-DICUND-B_unmatched_2.fastq,S-5-DICUND-B,fe566679,1662463000,31,DNA,1000,1662463,True,0.7764870766889508,0.9357991677171973,0.856143122203074,0.9357991677171973,False,1139,75007,2825683
435000,0.0002616599587479541,0.05827974276527331,0.0002616599587479541,0.0003025817121028792,1.9655172413793103,1.0,1.4781805829835646,/nfs3_ib/nfs-ip34/home/def-ilafores/ref_dbs/sourmash_db/gtdb-rs214-reps.k31.zip,"GCF_018449695.1 Bradyrhizobium sp. dw_411 strain=dw_411 ASM1844969v1",53f675a78e745a48ca67ba1530cb37dc,0.05827974276527331,435000,16,13755000,/nfs3_ib/nfs-ip34/home/def-ilafores/analysis/boreal_moss/preproc/S-5-DICUND-B/S-5-DICUND-B_unmatched_2.fastq,S-5-DICUND-B,fe566679,1662463000,31,DNA,1000,1662463,True,0.7663781914725182,0.9123846875338699,0.839381439503194,0.9123846875338699,False,855,75862,2825683
309000,0.00018586879828302945,0.032818327117741075,0.00018526728113648245,0.00014580545659226458,1.3376623376623376,1.0,0.7747708435467353,/nfs3_ib/nfs-ip34/home/def-ilafores/ref_dbs/sourmash_db/gtdb-rs214-reps.k31.zip,"GCF_002220365.1 Caballeronia sordidicola strain=PAMC 26633 ASM222036v1",8e53a40c47af10041f1ae723589e6530,0.03292488012786361,308000,17,13447000,/nfs3_ib/nfs-ip34/home/def-ilafores/analysis/boreal_moss/preproc/S-5-DICUND-B/S-5-DICUND-B_unmatched_2.fastq,S-5-DICUND-B,fe566679,1662463000,31,DNA,1000,1662463,True,0.7579696604298526,0.8957322277619791,0.8268509440959159,0.8957322277619791,False,412,76274,2825683
305000,0.00018346272969684138,0.08755760368663594,0.00018286121255029435,0.00014722104354947106,1.368421052631579,1.0,0.6755525080522862,/nfs3_ib/nfs-ip34//home/def-ilafores/analysis/NovelTaxa/Boreal_mosses/tmp/sourmash/sketches/nMAGs_index.sbt.zip,Brown_K.bin.1,eb6caa2316482b9fe5df0e93576c0010,0.08784562211981567,304000,18,13143000,/nfs3_ib/nfs-ip34/home/def-ilafores/analysis/boreal_moss/preproc/S-5-DICUND-B/S-5-DICUND-B_unmatched_2.fastq,S-5-DICUND-B,fe566679,1662463000,31,DNA,1000,1662463,True,0.75765114782549,0.9245415966848544,0.8410963722551722,0.9245415966848544,False,416,76690,2825683
254000,0.0001527853552229433,0.06734096353473516,0.00015218383807639628,0.00013412686419531135,1.4980237154150198,1.0,1.0200538849939909,/nfs3_ib/nfs-ip34//home/def-ilafores/analysis/NovelTaxa/Boreal_mosses/tmp/sourmash/sketches/nMAGs_index.sbt.zip,Brown_T.bin.5,a9ba98572162b95ec334c422a86584e4,0.06760713335107799,253000,19,12890000,/nfs3_ib/nfs-ip34/home/def-ilafores/analysis/boreal_moss/preproc/S-5-DICUND-B/S-5-DICUND-B_unmatched_2.fastq,S-5-DICUND-B,fe566679,1662463000,31,DNA,1000,1662463,True,0.7531922838594427,0.9167645750922424,0.8349784294758426,0.9167645750922424,False,379,77069,2825683
292000,0.00017564300679173011,0.03298887122416534,0.0001497777694902082,0.00017234771203988557,1.9558232931726907,1.0,3.2638423510441608,/nfs3_ib/nfs-ip34/home/def-ilafores/ref_dbs/sourmash_db/gtdb-rs214-reps.k31.zip,"GCF_009766005.1 Bradyrhizobium sp. S69 strain=S69 ASM976600v1",6e925e11ef1a02ddd098c16a7dec1db9,0.03868574456809751,249000,20,12641000,/nfs3_ib/nfs-ip34/home/def-ilafores/analysis/boreal_moss/preproc/S-5-DICUND-B/S-5-DICUND-B_unmatched_2.fastq,S-5-DICUND-B,fe566679,1662463000,31,DNA,1000,1662463,True,0.7565873228319956,0.9004034030599878,0.8284953629459917,0.9004034030599878,False,487,77556,2825683
242000,0.00014556714946437906,0.03771193154809063,0.00014316108087819097,0.00012527944571277103,1.4873949579831933,1.0,0.8487810955775771,/nfs3_ib/nfs-ip34/home/def-ilafores/ref_dbs/sourmash_db/gtdb-rs214-reps.k31.zip,"GCA_023231945.1 Comamonadaceae bacterium BS-T2-15 strain=BS-T2-15 ASM2323194v1",be84853b0c595a0b38db8da38d8600ce,0.038345745523688794,238000,21,12403000,/nfs3_ib/nfs-ip34/home/def-ilafores/analysis/boreal_moss/preproc/S-5-DICUND-B/S-5-DICUND-B_unmatched_2.fastq,S-5-DICUND-B,fe566679,1662463000,31,DNA,1000,1662463,True,0.7520173334730685,0.90014703978337,0.8260821866282193,0.90014703978337,False,354,77910,2825683
232000,0.00013955197799890885,0.029239766081871343,0.0001323337722403446,0.00011820151092673877,1.518181818181818,1.0,1.412488572322675,/nfs3_ib/nfs-ip34/home/def-ilafores/ref_dbs/sourmash_db/gtdb-rs214-reps.k31.zip,"GCF_014084125.1 Streptacidiphilus sp. PB12-B1b strain=PB12-B1b ASM1408412v1",b027a82509ac1e8646f1b76d645c2eee,0.03083466241360978,220000,22,12183000,/nfs3_ib/nfs-ip34/home/def-ilafores/analysis/boreal_moss/preproc/S-5-DICUND-B/S-5-DICUND-B_unmatched_2.fastq,S-5-DICUND-B,fe566679,1662463000,31,DNA,1000,1662463,True,0.7509943074367054,0.8938390598618914,0.8224166836492983,0.8938390598618914,False,334,78244,2825683
234000,0.0001407550122920029,0.044100398780201736,0.00011308522355083993,0.00017093212508267913,2.5691489361702127,2.0,2.3225319362366785,/nfs3_ib/nfs-ip34/home/def-ilafores/ref_dbs/sourmash_db/gtdb-rs214-reps.k31.zip,"GCA_019240215.1 Actinobacteria bacterium ASM1924021v1",7a38203808bb5732a26f39680ad5a303,0.05489092188599578,188000,23,11995000,/nfs3_ib/nfs-ip34/home/def-ilafores/analysis/boreal_moss/preproc/S-5-DICUND-B/S-5-DICUND-B_unmatched_2.fastq,S-5-DICUND-B,fe566679,1662463000,31,DNA,1000,1662463,True,0.7512022827660924,0.9106232334363661,0.8309127581012292,0.9106232334363661,False,483,78727,2825683
546000,0.0003284283620146734,0.02648043067074058,0.00010947612067155781,9.97988804830549e-05,1.5494505494505495,1.0,0.898884977958025,/nfs3_ib/nfs-ip34/home/def-ilafores/ref_dbs/sourmash_db/gtdb-rs214-reps.k31.zip,"GCF_002874965.1 Pseudomonas sp. NC02 strain=NC02 ASM287496v1",eff2290fe9b3996fecd00e26a03f71f4,0.07944129201222173,182000,24,11813000,/nfs3_ib/nfs-ip34/home/def-ilafores/analysis/boreal_moss/preproc/S-5-DICUND-B/S-5-DICUND-B_unmatched_2.fastq,S-5-DICUND-B,fe566679,1662463000,31,DNA,1000,1662463,True,0.7720174518249913,0.9215472819708518,0.8467823668979215,0.9215472819708518,False,282,79009,2825683
173000,0.00010406246635263462,0.019542421353670163,9.864881203371143e-05,7.502610873194197e-05,1.2926829268292683,1.0,0.5407268116437893,/nfs3_ib/nfs-ip34/home/def-ilafores/ref_dbs/sourmash_db/gtdb-rs214-reps.k31.zip,"GCF_900141745.1 Paraburkholderia phenazinium strain=GAS86 IMG-taxon 2695421038 annotated assembly",94c90247511be7de9255208d3a8f5e63,0.02061487130600572,164000,25,11649000,/nfs3_ib/nfs-ip34/home/def-ilafores/analysis/boreal_moss/preproc/S-5-DICUND-B/S-5-DICUND-B_unmatched_2.fastq,S-5-DICUND-B,fe566679,1662463000,31,DNA,1000,1662463,True,0.743918941235822,0.8823049787987389,0.8131119600172805,0.8823049787987389,False,212,79221,2825683
158000,9.503970915442931e-05,0.022044960116026104,9.143060627514718e-05,7.290272829613229e-05,1.355263157894737,1.0,0.9061768644670259,/nfs3_ib/nfs-ip34/home/def-ilafores/ref_dbs/sourmash_db/gtdb-rs214-reps.k31.zip,"GCF_022829385.1 Methylobacterium sp. J-070 strain=J-070 ASM2282938v1",48fe550b161c1b6a0798cff176c79725,0.022915155910079768,152000,26,11497000,/nfs3_ib/nfs-ip34/home/def-ilafores/analysis/boreal_moss/preproc/S-5-DICUND-B/S-5-DICUND-B_unmatched_2.fastq,S-5-DICUND-B,fe566679,1662463000,31,DNA,1000,1662463,True,0.7417456416704314,0.8853209390810307,0.8135332903757311,0.8853209390810307,False,206,79427,2825683
154000,9.263364056824122e-05,0.03616200578592092,9.022757198205314e-05,7.113324459962423e-05,1.34,1.0,0.8471914384206992,/nfs3_ib/nfs-ip34/home/def-ilafores/ref_dbs/sourmash_db/gtdb-rs214-reps.k31.zip,"GCA_003158195.1 Candidatus Eremiobacteraeota bacterium 20120600_P2S",d97bd1eec681bd70d0618d3e5a027582,0.03712632594021215,150000,27,11347000,/nfs3_ib/nfs-ip34/home/def-ilafores/analysis/boreal_moss/preproc/S-5-DICUND-B/S-5-DICUND-B_unmatched_2.fastq,S-5-DICUND-B,fe566679,1662463000,31,DNA,1000,1662463,True,0.7411323417731668,0.89920913209498,0.8201707369340734,0.89920913209498,False,201,79628,2825683
186000,0.00011188218925774589,0.026930320150659135,8.601695195622398e-05,7.998066308216456e-05,1.5804195804195804,1.0,1.2704967775301554,/nfs3_ib/nfs-ip34/home/def-ilafores/ref_dbs/sourmash_db/gtdb-rs214-reps.k31.zip,"GCA_004799405.1 Bradyrhizobium sp. ASM479940v1",4f65adc660ff0f5288753fd9e12dad19,0.03502824858757062,143000,28,11204000,/nfs3_ib/nfs-ip34/home/def-ilafores/analysis/boreal_moss/preproc/S-5-DICUND-B/S-5-DICUND-B_unmatched_2.fastq,S-5-DICUND-B,fe566679,1662463000,31,DNA,1000,1662463,True,0.7456597072009513,0.8975233491046034,0.8215915281527774,0.8975233491046034,False,226,79854,2825683
143000,8.601695195622398e-05,0.046926635822868476,8.541543480967697e-05,7.007155438171939e-05,1.3943661971830985,1.0,1.233098390456946,/nfs3_ib/nfs-ip34//home/def-ilafores/analysis/NovelTaxa/Boreal_mosses/tmp/sourmash/sketches/nMAGs_index.sbt.zip,Brown_J.bin.9,2327c2a7caf4bfd332f9867a9a7d0116,0.0472571050892267,142000,29,11062000,/nfs3_ib/nfs-ip34/home/def-ilafores/analysis/boreal_moss/preproc/S-5-DICUND-B/S-5-DICUND-B_unmatched_2.fastq,S-5-DICUND-B,fe566679,1662463000,31,DNA,1000,1662463,True,0.7393627218586817,0.906235090647392,0.8227989062530369,0.906235090647392,False,198,80052,2825683
214000,0.00012872466936106246,0.021395208678619857,8.541543480967697e-05,0.00018048733704382268,3.591549295774648,2.0,3.466448703466865,/nfs3_ib/nfs-ip34/home/def-ilafores/ref_dbs/sourmash_db/gtdb-rs214-reps.k31.zip,"GCA_021154785.1 Nocardiopsis sp. ASM2115478v1",4b8c191ba72bd43e1d976d2b857ec18f,0.03224348350158204,142000,30,10920000,/nfs3_ib/nfs-ip34/home/def-ilafores/analysis/boreal_moss/preproc/S-5-DICUND-B/S-5-DICUND-B_unmatched_2.fastq,S-5-DICUND-B,fe566679,1662463000,31,DNA,1000,1662463,True,0.7490403595946927,0.8951281692442394,0.8220842644194661,0.8951281692442394,False,510,80562,2825683
142000,8.541543480967697e-05,0.03560682046138415,8.541543480967697e-05,0.00010333784787607102,2.056338028169014,1.0,3.0088476290352495,/nfs3_ib/nfs-ip34/home/def-ilafores/ref_dbs/sourmash_db/gtdb-rs214-reps.k31.zip,"GCF_903970205.1 Nevskia soli BOG_genome_mining.15",bbf656ac7bb653c4658bfd4bd200c918,0.03560682046138415,142000,31,10778000,/nfs3_ib/nfs-ip34/home/def-ilafores/analysis/boreal_moss/preproc/S-5-DICUND-B/S-5-DICUND-B_unmatched_2.fastq,S-5-DICUND-B,fe566679,1662463000,31,DNA,1000,1662463,True,0.7391953688137298,0.8979977827421772,0.8185965757779535,0.8979977827421772,False,292,80854,2825683
161000,9.684426059407037e-05,0.01651174168297456,8.120481478384782e-05,5.8746858724067775e-05,1.2296296296296296,1.0,0.5569858132476285,/nfs3_ib/nfs-ip34/home/def-ilafores/ref_dbs/sourmash_db/gtdb-rs214-reps.k31.zip,"GCF_003269035.1 Paraburkholderia bryophila strain=LMG 23644 ASM326903v1",ca85a9a0188db6b6051f41c007a66d41,0.019691780821917807,135000,32,10643000,/nfs3_ib/nfs-ip34/home/def-ilafores/analysis/boreal_moss/preproc/S-5-DICUND-B/S-5-DICUND-B_unmatched_2.fastq,S-5-DICUND-B,fe566679,1662463000,31,DNA,1000,1662463,True,0.7421958343635267,0.8810020830549383,0.8115989587092325,0.8810020830549383,False,166,81020,2825683
141000,8.481391766312995e-05,0.024274502646468334,8.000178049075378e-05,7.361052177473553e-05,1.5639097744360901,1.0,1.1128327564099858,/nfs3_ib/nfs-ip34/home/def-ilafores/ref_dbs/sourmash_db/gtdb-rs214-reps.k31.zip,"GCA_003134995.1 Acidobacteriaceae bacterium 20111000_P2S",8dcc01171c2b2574263385332aa70718,0.025734623106406278,133000,33,10510000,/nfs3_ib/nfs-ip34/home/def-ilafores/analysis/boreal_moss/preproc/S-5-DICUND-B/S-5-DICUND-B_unmatched_2.fastq,S-5-DICUND-B,fe566679,1662463000,31,DNA,1000,1662463,True,0.7390268713343947,0.8886410700841492,0.8138339707092719,0.8886410700841492,False,208,81228,2825683
134000,8.06032976373008e-05,0.03480340063761955,7.879874619765973e-05,7.821117938565649e-05,1.6870229007633588,1.0,1.063509740877442,/nfs3_ib/nfs-ip34//home/def-ilafores/analysis/NovelTaxa/Boreal_mosses/tmp/sourmash/sketches/nMAGs_index.sbt.zip,Brown_K.bin.8,f95c325e816bd77104adcef679679285,0.035600425079702444,131000,34,10379000,/nfs3_ib/nfs-ip34/home/def-ilafores/analysis/boreal_moss/preproc/S-5-DICUND-B/S-5-DICUND-B_unmatched_2.fastq,S-5-DICUND-B,fe566679,1662463000,31,DNA,1000,1662463,True,0.7378139543749814,0.8979925793735857,0.8179032668742836,0.8979925793735857,False,221,81449,2825683
192000,0.00011549129213702801,0.02293492448256573,7.398660902528357e-05,6.617869024940165e-05,1.5203252032520325,1.0,1.0771053763693785,/nfs3_ib/nfs-ip34/home/def-ilafores/ref_dbs/sourmash_db/gtdb-rs214-reps.k31.zip,"GCA_903845345.1 uncultured beta proteobacterium freshwater MAG --- B4coas_bin-1415",815f55bc523bcea3cf4bc4313e5fe83e,0.03580085772888309,123000,35,10256000,/nfs3_ib/nfs-ip34/home/def-ilafores/analysis/boreal_moss/preproc/S-5-DICUND-B/S-5-DICUND-B_unmatched_2.fastq,S-5-DICUND-B,fe566679,1662463000,31,DNA,1000,1662463,True,0.7464237669419207,0.8981552255918659,0.8222894962668933,0.8981552255918659,False,187,81636,2825683
195000,0.00011729584357666907,0.016885291655037677,7.278357473218953e-05,7.57339022105452e-05,1.7685950413223142,1.0,1.2580999091737568,/nfs3_ib/nfs-ip34/home/def-ilafores/ref_dbs/sourmash_db/gtdb-rs214-reps.k31.zip,"GCF_005937885.2 Bradyrhizobium sp. KBS0727 strain=KBS0727 ASM593788v2",5c97bdc8b04cba876c55692181b9b321,0.027211833658945018,121000,36,10135000,/nfs3_ib/nfs-ip34/home/def-ilafores/analysis/boreal_moss/preproc/S-5-DICUND-B/S-5-DICUND-B_unmatched_2.fastq,S-5-DICUND-B,fe566679,1662463000,31,DNA,1000,1662463,True,0.7467971729985283,0.8902424852376393,0.8185198291180837,0.8902424852376393,False,214,81850,2825683
116000,6.977598899945442e-05,0.02495118246908223,6.91744718529074e-05,5.6269581548956485e-05,1.382608695652174,1.0,0.8191470505099607,/nfs3_ib/nfs-ip34//home/def-ilafores/analysis/NovelTaxa/Boreal_mosses/tmp/sourmash/sketches/nMAGs_index.sbt.zip,Brown_AC.bin.1,bb8ea49cdf716547be3fbe0ef83eeff4,0.025168149273161206,115000,37,10020000,/nfs3_ib/nfs-ip34/home/def-ilafores/analysis/boreal_moss/preproc/S-5-DICUND-B/S-5-DICUND-B_unmatched_2.fastq,S-5-DICUND-B,fe566679,1662463000,31,DNA,1000,1662463,True,0.7343887240955217,0.8880032544994623,0.811195989297492,0.8880032544994623,False,159,82009,2825683
180000,0.00010827308637846376,0.012309685779073534,6.857295470636039e-05,9.307484243632424e-05,2.307017543859649,1.0,3.3090179626114447,/nfs3_ib/nfs-ip34/home/def-ilafores/ref_dbs/sourmash_db/gtdb-rs214-reps.k31.zip,"GCF_007827045.1 Actinobacteria bacterium 15TR583 strain=15Tr583 ASM782704v1",85e9cfa96493ccb50c493b5db96d97c2,0.019436345966958212,114000,38,9906000,/nfs3_ib/nfs-ip34/home/def-ilafores/analysis/boreal_moss/preproc/S-5-DICUND-B/S-5-DICUND-B_unmatched_2.fastq,S-5-DICUND-B,fe566679,1662463000,31,DNA,1000,1662463,True,0.7448714128979922,0.880631102579818,0.8127512577389051,0.880631102579818,False,263,82272,2825683
124000,7.458812617183059e-05,0.014777036746436512,6.797143755981336e-05,6.830207068521133e-05,1.7079646017699115,1.0,2.038051368164684,/nfs3_ib/nfs-ip34/home/def-ilafores/ref_dbs/sourmash_db/gtdb-rs214-reps.k31.zip,"GCA_003151425.1 Acetobacteraceae bacterium 20120700_P3D",49f985362f707a6835d971d399fe97da,0.016215509350071922,113000,39,9793000,/nfs3_ib/nfs-ip34/home/def-ilafores/analysis/boreal_moss/preproc/S-5-DICUND-B/S-5-DICUND-B_unmatched_2.fastq,S-5-DICUND-B,fe566679,1662463000,31,DNA,1000,1662463,True,0.7359703406957957,0.8754993452816873,0.8057348429887414,0.8754993452816873,False,193,82465,2825683
590000,0.0003548951164627423,0.01566542109801667,6.556536897362528e-05,6.936376090311617e-05,1.798165137614679,1.0,1.1396105605031492,/nfs3_ib/nfs-ip34/home/def-ilafores/ref_dbs/sourmash_db/gtdb-rs214-reps.k31.zip,"GCF_001952855.1 Pseudomonas sp. ATCC PTA-122608 strain=ATCC PTA-122608 ASM195285v1",f0d3153ed723b4cbd58dbcb935777dce,0.08479448117275079,109000,40,9684000,/nfs3_ib/nfs-ip34/home/def-ilafores/analysis/boreal_moss/preproc/S-5-DICUND-B/S-5-DICUND-B_unmatched_2.fastq,S-5-DICUND-B,fe566679,1662463000,31,DNA,1000,1662463,True,0.7739499989290566,0.9234879064241395,0.848718952676598,0.9234879064241395,False,196,82661,2825683
196000,0.0001178973607232161,0.012137559002022926,6.496385182707826e-05,5.9100755463369386e-05,1.5462962962962963,1.0,0.9659409082000984,/nfs3_ib/nfs-ip34/home/def-ilafores/ref_dbs/sourmash_db/gtdb-rs214-reps.k31.zip,"GCF_900129425.1 Bradyrhizobium erythrophlei strain=GAS138 IMG-taxon 2695421015 annotated assembly",410f0d30334a78af075e8e379fb92ac1,0.022027421892560125,108000,41,9576000,/nfs3_ib/nfs-ip34/home/def-ilafores/analysis/boreal_moss/preproc/S-5-DICUND-B/S-5-DICUND-B_unmatched_2.fastq,S-5-DICUND-B,fe566679,1662463000,31,DNA,1000,1662463,True,0.7469204071238946,0.8841932907487798,0.8155568489363372,0.8841932907487798,False,167,82828,2825683
106000,6.376081753398422e-05,0.01947806354009077,6.195626609434315e-05,7.042545112102101e-05,1.9320388349514563,1.0,2.5400181022301584,/nfs3_ib/nfs-ip34/home/def-ilafores/ref_dbs/sourmash_db/gtdb-rs214-reps.k31.zip,"GCA_903832475.1 uncultured Acidobacteria bacterium freshwater MAG --- B4_bin-291",62b5b8a18672d4efb3a55776adf57181,0.020045385779122543,103000,42,9473000,/nfs3_ib/nfs-ip34/home/def-ilafores/analysis/boreal_moss/preproc/S-5-DICUND-B/S-5-DICUND-B_unmatched_2.fastq,S-5-DICUND-B,fe566679,1662463000,31,DNA,1000,1662463,True,0.7322561506893812,0.8815080274888438,0.8068820890891125,0.8815080274888438,False,199,83027,2825683
107000,6.436233468053123e-05,0.016108654453569172,6.135474894779614e-05,5.4146201113146806e-05,1.5,1.0,1.6494205756247002,/nfs3_ib/nfs-ip34/home/def-ilafores/ref_dbs/sourmash_db/gtdb-rs214-reps.k31.zip,"GCF_009765865.1 Acidisoma sp. L85 strain=L85 ASM976586v1",e0fbbbd0ecdd728008181bce864d69b3,0.016898294377763738,102000,43,9371000,/nfs3_ib/nfs-ip34/home/def-ilafores/analysis/boreal_moss/preproc/S-5-DICUND-B/S-5-DICUND-B_unmatched_2.fastq,S-5-DICUND-B,fe566679,1662463000,31,DNA,1000,1662463,True,0.7324779809002203,0.87666494529921,0.8045714630997152,0.87666494529921,False,153,83180,2825683
108000,6.496385182707826e-05,0.02185669220369536,5.834716321506103e-05,4.565267936990809e-05,1.3298969072164948,1.0,0.7139500904404448,/nfs3_ib/nfs-ip34//home/def-ilafores/analysis/NovelTaxa/Boreal_mosses/tmp/sourmash/sketches/nMAGs_index.sbt.zip,Green_T.bin.4,3e9b140ae3e3b0494ae7302299a42fd7,0.02433528616493916,97000,44,9274000,/nfs3_ib/nfs-ip34/home/def-ilafores/analysis/boreal_moss/preproc/S-5-DICUND-B/S-5-DICUND-B_unmatched_2.fastq,S-5-DICUND-B,fe566679,1662463000,31,DNA,1000,1662463,True,0.7326978138108565,0.8870398106116474,0.809868812211252,0.8870398106116474,False,129,83309,2825683
118000,7.097902329254847e-05,0.029357798165137616,5.7745646068514006e-05,6.299361959568713e-05,1.8541666666666667,1.0,2.08656000126737,/nfs3_ib/nfs-ip34/home/def-ilafores/ref_dbs/sourmash_db/gtdb-rs214-reps.k31.zip,"GCA_017882405.1 Solirubrobacteraceae bacterium ASM1788240v1",5150731e0f405d671e413695e068b08e,0.036085626911314984,96000,45,9178000,/nfs3_ib/nfs-ip34/home/def-ilafores/analysis/boreal_moss/preproc/S-5-DICUND-B/S-5-DICUND-B_unmatched_2.fastq,S-5-DICUND-B,fe566679,1662463000,31,DNA,1000,1662463,True,0.7347938021947461,0.8983847998633573,0.8165893010290517,0.8983847998633573,False,178,83487,2825683
99000,5.955019750815507e-05,0.012822243217708192,5.714412892196699e-05,9.44904293935307e-05,2.8105263157894735,1.0,10.245712568620156,/nfs3_ib/nfs-ip34/home/def-ilafores/ref_dbs/sourmash_db/gtdb-rs214-reps.k31.zip,"GCF_003330725.1 Acidisarcina polymorpha strain=SBC82 ASM333072v1",50eb584445706a041942988680bc0cd3,0.013362127142664328,95000,46,9083000,/nfs3_ib/nfs-ip34/home/def-ilafores/analysis/boreal_moss/preproc/S-5-DICUND-B/S-5-DICUND-B_unmatched_2.fastq,S-5-DICUND-B,fe566679,1662463000,31,DNA,1000,1662463,True,0.7306441474324425,0.8700503262142217,0.8003472368233322,0.8700503262142217,False,267,83754,2825683
94000,5.6542611775419964e-05,0.023632160287695863,5.533957748232592e-05,4.494488589130486e-05,1.3804347826086956,1.0,0.8054487178281678,/nfs3_ib/nfs-ip34/home/def-ilafores/ref_dbs/sourmash_db/gtdb-rs214-reps.k31.zip,"GCA_003156715.1 Candidatus Eremiobacteraeota bacterium 20120600_P2S",c8f02d313036d9d1b9ba1b13d16bb53c,0.024145902902645774,92000,47,8991000,/nfs3_ib/nfs-ip34/home/def-ilafores/analysis/boreal_moss/preproc/S-5-DICUND-B/S-5-DICUND-B_unmatched_2.fastq,S-5-DICUND-B,fe566679,1662463000,31,DNA,1000,1662463,True,0.7294236942492374,0.8868162850328855,0.8081199896410614,0.8868162850328855,False,127,83881,2825683
186000,0.00011188218925774589,0.009918068132815868,5.533957748232592e-05,5.4146201113146806e-05,1.6630434782608696,1.0,1.3127897105769066,/nfs3_ib/nfs-ip34/home/def-ilafores/ref_dbs/sourmash_db/gtdb-rs214-reps.k31.zip,"GCF_900129505.1 Bradyrhizobium erythrophlei strain=GAS242 IMG-taxon 2695420948 annotated assembly",cb70d402798df3ed68c5c53e9f998b91,0.020051746442432083,92000,48,8899000,/nfs3_ib/nfs-ip34/home/def-ilafores/analysis/boreal_moss/preproc/S-5-DICUND-B/S-5-DICUND-B_unmatched_2.fastq,S-5-DICUND-B,fe566679,1662463000,31,DNA,1000,1662463,True,0.7456597072009513,0.8815170491371805,0.8135883781690659,0.8815170491371805,False,153,84034,2825683
90000,5.413654318923188e-05,0.023765513599155005,5.413654318923188e-05,4.494488589130486e-05,1.4111111111111112,1.0,0.7437807987190916,/nfs3_ib/nfs-ip34//home/def-ilafores/analysis/NovelTaxa/Boreal_mosses/tmp/sourmash/sketches/nMAGs_index.sbt.zip,Brown_J.bin.1,d6c632e52c88e1bec0a899f6ce6d5d3e,0.023765513599155005,90000,49,8809000,/nfs3_ib/nfs-ip34/home/def-ilafores/analysis/boreal_moss/preproc/S-5-DICUND-B/S-5-DICUND-B_unmatched_2.fastq,S-5-DICUND-B,fe566679,1662463000,31,DNA,1000,1662463,True,0.7284012157169233,0.8863621456692488,0.807381680693086,0.8863621456692488,False,127,84161,2825683
112000,6.736992041326634e-05,0.011428571428571429,5.413654318923188e-05,5.060723372013067e-05,1.5888888888888888,1.0,0.8931149539603814,/nfs3_ib/nfs-ip34/home/def-ilafores/ref_dbs/sourmash_db/gtdb-rs214-reps.k31.zip,"GCF_018139625.1 Actinospica sp. MGRD01-02 strain=MGRD01-02 ASM1813962v1",5d7fe13116df00f6dc71f27e36d5d71a,0.014222222222222223,90000,50,8719000,/nfs3_ib/nfs-ip34/home/def-ilafores/analysis/boreal_moss/preproc/S-5-DICUND-B/S-5-DICUND-B_unmatched_2.fastq,S-5-DICUND-B,fe566679,1662463000,31,DNA,1000,1662463,True,0.7335578825094297,0.8718028916280013,0.8026803870687155,0.8718028916280013,False,143,84304,2825683
91000,5.4738060335778904e-05,0.024197933659597607,5.353502604268486e-05,4.0698125019685504e-05,1.2921348314606742,1.0,0.7673425204028707,/nfs3_ib/nfs-ip34/home/def-ilafores/ref_dbs/sourmash_db/gtdb-rs214-reps.k31.zip,"GCA_903970445.1 Verrucomicrobia bacterium Tous-C9LFEB BOG_genome_mining.57",c504ab35e1dde949ee351d53bf5a6185,0.024741707449700924,89000,51,8630000,/nfs3_ib/nfs-ip34/home/def-ilafores/analysis/boreal_moss/preproc/S-5-DICUND-B/S-5-DICUND-B_unmatched_2.fastq,S-5-DICUND-B,fe566679,1662463000,31,DNA,1000,1662463,True,0.7286608979346502,0.887513873392833,0.8080873856637416,0.887513873392833,False,115,84419,2825683
155000,9.323515771478823e-05,0.01169178757571489,4.992592316340274e-05,4.1759815237590343e-05,1.4216867469879517,1.0,0.7300846943394274,/nfs3_ib/nfs-ip34/home/def-ilafores/ref_dbs/sourmash_db/gtdb-rs214-reps.k31.zip,"GCA_021779635.1 Proteobacteria bacterium ASM2177963v1",2f8cc5d05f61b54ab6526f976615106e,0.021834061135371178,83000,52,8547000,/nfs3_ib/nfs-ip34/home/def-ilafores/analysis/boreal_moss/preproc/S-5-DICUND-B/S-5-DICUND-B_unmatched_2.fastq,S-5-DICUND-B,fe566679,1662463000,31,DNA,1000,1662463,True,0.7412870995361092,0.883941846563018,0.8126144730495636,0.883941846563018,False,118,84537,2825683
90000,5.413654318923188e-05,0.010575296108291032,4.511378599102657e-05,4.388319567340002e-05,1.6533333333333333,1.0,1.0262336749276724,/nfs3_ib/nfs-ip34/home/def-ilafores/ref_dbs/sourmash_db/gtdb-rs214-reps.k31.zip,"GCA_003156615.1 Acidobacteriaceae bacterium 20120600_P3M",b953500835efa8cf5150d9ecdbdfb00e,0.012690355329949238,75000,53,8472000,/nfs3_ib/nfs-ip34/home/def-ilafores/analysis/boreal_moss/preproc/S-5-DICUND-B/S-5-DICUND-B_unmatched_2.fastq,S-5-DICUND-B,fe566679,1662463000,31,DNA,1000,1662463,True,0.7284012157169233,0.868603819843896,0.7985025177804097,0.868603819843896,False,124,84661,2825683
157000,9.443819200788228e-05,0.008585164835164836,4.511378599102657e-05,4.31754021947968e-05,1.6266666666666667,1.0,0.8449589076135925,/nfs3_ib/nfs-ip34/home/def-ilafores/ref_dbs/sourmash_db/gtdb-rs214-reps.k31.zip,"GCF_001982635.1 Bradyrhizobium mercantei strain=SEMIA 6399 ASM198263v1",23776df7e1081d3838604e436099863b,0.01797161172161172,75000,54,8397000,/nfs3_ib/nfs-ip34/home/def-ilafores/analysis/boreal_moss/preproc/S-5-DICUND-B/S-5-DICUND-B_unmatched_2.fastq,S-5-DICUND-B,fe566679,1662463000,31,DNA,1000,1662463,True,0.7415937374863981,0.8784081482574437,0.8100009428719209,0.8784081482574437,False,122,84783,2825683
77000,4.631682028412061e-05,0.012003244120032442,4.4512268844479546e-05,4.423709241270164e-05,1.6891891891891893,1.0,1.4512406218769611,/nfs3_ib/nfs-ip34/home/def-ilafores/ref_dbs/sourmash_db/gtdb-rs214-reps.k31.zip,"GCA_003133205.1 Granulicella sp. 20120500_P28",6b1b3a1edacf13909a28d623aa9fd1f0,0.012489862124898622,74000,55,8323000,/nfs3_ib/nfs-ip34/home/def-ilafores/analysis/boreal_moss/preproc/S-5-DICUND-B/S-5-DICUND-B_unmatched_2.fastq,S-5-DICUND-B,fe566679,1662463000,31,DNA,1000,1662463,True,0.7247448209274138,0.8681577243347715,0.7964512726310926,0.8681577243347715,False,125,84908,2825683
76000,4.571530313757359e-05,0.007841873455795467,4.391075169793253e-05,4.1759815237590343e-05,1.6164383561643836,1.0,1.1302822654650009,/nfs3_ib/nfs-ip34/home/def-ilafores/ref_dbs/sourmash_db/gtdb-rs214-reps.k31.zip,"GCA_003167495.1 Bryobacterales bacterium 20110700_P1S",d27137853a06f9fd83268efc00ad1ae5,0.008164142227951445,73000,56,8250000,/nfs3_ib/nfs-ip34/home/def-ilafores/analysis/boreal_moss/preproc/S-5-DICUND-B/S-5-DICUND-B_unmatched_2.fastq,S-5-DICUND-B,fe566679,1662463000,31,DNA,1000,1662463,True,0.7244392749205375,0.8563322028061582,0.7903857388633478,0.8563322028061582,False,118,85026,2825683
101000,6.075323180124911e-05,0.01899063475546306,4.391075169793253e-05,6.0516342420575836e-05,2.3424657534246576,2.0,1.8960606464073266,/nfs3_ib/nfs-ip34/home/def-ilafores/ref_dbs/sourmash_db/gtdb-rs214-reps.k31.zip,"GCA_019240115.1 Solirubrobacterales bacterium ASM1924011v1",212fda1e7631d007abe33b93679258aa,0.02627471383975026,73000,57,8177000,/nfs3_ib/nfs-ip34/home/def-ilafores/analysis/boreal_moss/preproc/S-5-DICUND-B/S-5-DICUND-B_unmatched_2.fastq,S-5-DICUND-B,fe566679,1662463000,31,DNA,1000,1662463,True,0.7311156985690702,0.8892366515831186,0.8101761750760944,0.8892366515831186,False,171,85197,2825683
74000,4.4512268844479546e-05,0.012364760432766615,4.3309234551385504e-05,3.1496809797843566e-05,1.2361111111111112,1.0,0.4562241029349123,/nfs3_ib/nfs-ip34/home/def-ilafores/ref_dbs/sourmash_db/gtdb-rs214-reps.k31.zip,"GCF_014200725.1 Janthinobacterium sp. K2E3 strain=K2E3 ASM1420072v1",287d48abf86610f5ac3f5d1447c38371,0.012708226000343466,72000,58,8105000,/nfs3_ib/nfs-ip34/home/def-ilafores/analysis/boreal_moss/preproc/S-5-DICUND-B/S-5-DICUND-B_unmatched_2.fastq,S-5-DICUND-B,fe566679,1662463000,31,DNA,1000,1662463,True,0.7238163324045316,0.8686432502591892,0.7962297913318603,0.8686432502591892,False,89,85286,2825683
100000,6.015171465470209e-05,0.011561634912880639,4.270771740483849e-05,8.351963047518069e-05,3.323943661971831,1.0,6.645499690592956,/nfs3_ib/nfs-ip34/home/def-ilafores/ref_dbs/sourmash_db/gtdb-rs214-reps.k31.zip,"GCA_014201335.1 Edaphobacter lichenicola strain=X5P2 ASM1420133v1",18853dde00e7da7297a99483592251cf,0.016283992835043153,71000,59,8034000,/nfs3_ib/nfs-ip34/home/def-ilafores/analysis/boreal_moss/preproc/S-5-DICUND-B/S-5-DICUND-B_unmatched_2.fastq,S-5-DICUND-B,fe566679,1662463000,31,DNA,1000,1662463,True,0.7308810638695923,0.875618377200772,0.8032497205351821,0.875618377200772,False,236,85522,2825683
138000,8.300936622348889e-05,0.016820658611703388,4.270771740483849e-05,9.16592554791178e-05,3.647887323943662,3.0,3.063177911398809,/nfs3_ib/nfs-ip34/home/def-ilafores/ref_dbs/sourmash_db/gtdb-rs214-reps.k31.zip,"GCA_019246795.1 Streptosporangiaceae bacterium ASM1924679v1",d3a6ba12f995e3eb041550839e634a00,0.032693674484719264,71000,60,7963000,/nfs3_ib/nfs-ip34/home/def-ilafores/analysis/boreal_moss/preproc/S-5-DICUND-B/S-5-DICUND-B_unmatched_2.fastq,S-5-DICUND-B,fe566679,1662463000,31,DNA,1000,1662463,True,0.7385143503108355,0.895528631074516,0.8170214906926757,0.895528631074516,False,259,85781,2825683
89000,5.353502604268486e-05,0.013845553822152886,4.270771740483849e-05,4.246760871619357e-05,1.6901408450704225,1.0,1.2171491662235663,/nfs3_ib/nfs-ip34/home/def-ilafores/ref_dbs/sourmash_db/gtdb-rs214-reps.k31.zip,"GCF_010727945.1 Mycobacterium cookii strain=JCM 12404 ASM1072794v1",8d431a8d59c870c69c3b8ffec1a1e0e8,0.01735569422776911,71000,61,7892000,/nfs3_ib/nfs-ip34/home/def-ilafores/analysis/boreal_moss/preproc/S-5-DICUND-B/S-5-DICUND-B_unmatched_2.fastq,S-5-DICUND-B,fe566679,1662463000,31,DNA,1000,1662463,True,0.7281387260648826,0.8774205588233548,0.8027796424441187,0.8774205588233548,False,120,85901,2825683
129000,7.75957119045657e-05,0.009337068160597572,4.210620025829146e-05,3.326629349435163e-05,1.3428571428571427,1.0,0.6298687910013888,/nfs3_ib/nfs-ip34/home/def-ilafores/ref_dbs/sourmash_db/gtdb-rs214-reps.k31.zip,"GCF_900142985.1 Bradyrhizobium erythrophlei strain=GAS401 IMG-taxon 2695420919 annotated assembly",e7ff91a15217d052b1dade7d4c22fc05,0.01720688275310124,70000,62,7822000,/nfs3_ib/nfs-ip34/home/def-ilafores/analysis/boreal_moss/preproc/S-5-DICUND-B/S-5-DICUND-B_unmatched_2.fastq,S-5-DICUND-B,fe566679,1662463000,31,DNA,1000,1662463,True,0.7369094401350545,0.8771768626115324,0.8070431513732934,0.8771768626115324,False,94,85995,2825683
110000,6.61668861201723e-05,0.010817690104995227,4.090316596519742e-05,5.9808548941972614e-05,2.485294117647059,1.0,2.245863171273585,/nfs3_ib/nfs-ip34/home/def-ilafores/ref_dbs/sourmash_db/gtdb-rs214-reps.k31.zip,"GCA_019239975.1 Streptosporangiaceae bacterium ASM1923997v1",c85c0043395dc0cf64dc2785faea8bfb,0.017499204581609928,68000,63,7754000,/nfs3_ib/nfs-ip34/home/def-ilafores/analysis/boreal_moss/preproc/S-5-DICUND-B/S-5-DICUND-B_unmatched_2.fastq,S-5-DICUND-B,fe566679,1662463000,31,DNA,1000,1662463,True,0.7331316316652707,0.8776536660057288,0.8053926488354998,0.8776536660057288,False,169,86164,2825683
66000,3.970013167210338e-05,0.010698654563138272,3.970013167210338e-05,3.326629349435163e-05,1.4242424242424243,1.0,0.8886592908251624,/nfs3_ib/nfs-ip34/home/def-ilafores/ref_dbs/sourmash_db/gtdb-rs214-reps.k31.zip,"GCA_021777685.1 Planctomycetes bacterium ASM2177768v1",5b4fa689add089a2741137ccd2c4dc0e,0.010698654563138272,66000,64,7688000,/nfs3_ib/nfs-ip34/home/def-ilafores/analysis/boreal_moss/preproc/S-5-DICUND-B/S-5-DICUND-B_unmatched_2.fastq,S-5-DICUND-B,fe566679,1662463000,31,DNA,1000,1662463,True,0.7211498984325942,0.8638333624097364,0.7924916304211653,0.8638333624097364,False,94,86258,2825683
77000,4.631682028412061e-05,0.009009009009009009,3.970013167210338e-05,3.9636434801780665e-05,1.696969696969697,1.0,0.9995407577254934,/nfs3_ib/nfs-ip34/home/def-ilafores/ref_dbs/sourmash_db/gtdb-rs214-reps.k31.zip,"GCF_014203275.1 Granulicella aggregans strain=M8UP14 ASM1420327v1",779f272f13d6fda4647ee89872acf2a3,0.010510510510510511,66000,65,7622000,/nfs3_ib/nfs-ip34/home/def-ilafores/analysis/boreal_moss/preproc/S-5-DICUND-B/S-5-DICUND-B_unmatched_2.fastq,S-5-DICUND-B,fe566679,1662463000,31,DNA,1000,1662463,True,0.7247448209274138,0.8633391059939676,0.7940419634606907,0.8633391059939676,False,112,86370,2825683
104000,6.255778324089017e-05,0.00764774044032445,3.970013167210338e-05,3.3974086972954856e-05,1.4545454545454546,1.0,0.782029569731148,/nfs3_ib/nfs-ip34/home/def-ilafores/ref_dbs/sourmash_db/gtdb-rs214-reps.k31.zip,"GCF_900142845.1 Paraburkholderia phenazinium strain=GAS95 IMG-taxon 2695420309 annotated assembly",6ac012685464ea52235f0a59699c8559,0.01205098493626883,66000,66,7556000,/nfs3_ib/nfs-ip34/home/def-ilafores/analysis/boreal_moss/preproc/S-5-DICUND-B/S-5-DICUND-B_unmatched_2.fastq,S-5-DICUND-B,fe566679,1662463000,31,DNA,1000,1662463,True,0.7318063483175599,0.867156535130407,0.7994814417239835,0.867156535130407,False,96,86466,2825683
80000,4.812137172376167e-05,0.009894566098945661,3.669254593936828e-05,3.3620190233653245e-05,1.5573770491803278,1.0,0.8593667162020431,/nfs3_ib/nfs-ip34/home/def-ilafores/ref_dbs/sourmash_db/gtdb-rs214-reps.k31.zip,"GCF_004115155.1 Granulicella sibirica strain=AF10 ASM411515v1",5310541b33a45666b0e46adb82678626,0.012976480129764802,61000,67,7495000,/nfs3_ib/nfs-ip34/home/def-ilafores/analysis/boreal_moss/preproc/S-5-DICUND-B/S-5-DICUND-B_unmatched_2.fastq,S-5-DICUND-B,fe566679,1662463000,31,DNA,1000,1662463,True,0.7256389405951172,0.8692287728936325,0.7974338567443748,0.8692287728936325,False,95,86561,2825683
62000,3.7294063085915295e-05,0.005653976630229929,3.6091028792821253e-05,3.7159157626669375e-05,1.75,1.0,1.2058883309273154,/nfs3_ib/nfs-ip34/home/def-ilafores/ref_dbs/sourmash_db/gtdb-rs214-reps.k31.zip,"GCA_003135055.1 Bryobacterales bacterium 20111000_P2M",601ba36f9af60df4a2f08584332da6ec,0.005842442517904259,60000,68,7435000,/nfs3_ib/nfs-ip34/home/def-ilafores/analysis/boreal_moss/preproc/S-5-DICUND-B/S-5-DICUND-B_unmatched_2.fastq,S-5-DICUND-B,fe566679,1662463000,31,DNA,1000,1662463,True,0.7196969592493014,0.8471389681431057,0.7834179636962035,0.8471389681431057,False,105,86666,2825683
60000,3.6091028792821253e-05,0.010634526763559022,3.6091028792821253e-05,3.5743570669462924e-05,1.6833333333333333,1.0,1.3353110332636198,/nfs3_ib/nfs-ip34/home/def-ilafores/ref_dbs/sourmash_db/gtdb-rs214-reps.k31.zip,"GCA_003167015.1 Chitinophagaceae bacterium 20110700_P2S",363c7fe7fd26dc8c0b4ea6051935bb6e,0.010634526763559022,60000,69,7375000,/nfs3_ib/nfs-ip34/home/def-ilafores/analysis/boreal_moss/preproc/S-5-DICUND-B/S-5-DICUND-B_unmatched_2.fastq,S-5-DICUND-B,fe566679,1662463000,31,DNA,1000,1662463,True,0.7189361121667055,0.8636658495378781,0.7913009808522917,0.8636658495378781,False,101,86767,2825683
179000,0.00010767156923191674,0.006710658763001902,3.6091028792821253e-05,3.6805260887367764e-05,1.7333333333333334,1.0,2.1592179654268864,/nfs3_ib/nfs-ip34/home/def-ilafores/ref_dbs/sourmash_db/gtdb-rs214-reps.k31.zip,"GCF_003062295.1 Bradyrhizobium algeriense strain=RST91 ASM306229v1",d21d3f92d05a43afb6c3e8f3aa08eb19,0.020020131976289005,60000,70,7315000,/nfs3_ib/nfs-ip34/home/def-ilafores/analysis/boreal_moss/preproc/S-5-DICUND-B/S-5-DICUND-B_unmatched_2.fastq,S-5-DICUND-B,fe566679,1662463000,31,DNA,1000,1662463,True,0.7447375632417048,0.8814721813958901,0.8131048723187975,0.8814721813958901,False,104,86871,2825683
70000,4.210620025829146e-05,0.010942914462885282,3.6091028792821253e-05,3.78669511052726e-05,1.7833333333333334,1.0,1.4152934520994422,/nfs3_ib/nfs-ip34/home/def-ilafores/ref_dbs/sourmash_db/gtdb-rs214-reps.k31.zip,"GCF_009765785.1 Granulicella sp. L46 strain=L46 ASM976578v1",7d44e8dd257057bca791a0104671ea2c,0.012766733540032828,60000,71,7255000,/nfs3_ib/nfs-ip34/home/def-ilafores/analysis/boreal_moss/preproc/S-5-DICUND-B/S-5-DICUND-B_unmatched_2.fastq,S-5-DICUND-B,fe566679,1662463000,31,DNA,1000,1662463,True,0.7225199989669167,0.8687719687749654,0.7956459838709411,0.8687719687749654,False,107,86978,2825683
70000,4.210620025829146e-05,0.007107843137254902,3.488799449972721e-05,2.618835870831937e-05,1.2758620689655173,1.0,0.7379632606562998,/nfs3_ib/nfs-ip34/home/def-ilafores/ref_dbs/sourmash_db/gtdb-rs214-reps.k31.zip,"GCF_001557535.2 Burkholderia sp. PAMC 26561 strain=PAMC 26561 ASM155753v2",fd0c18741012ebc26c58ba341945dc59,0.00857843137254902,58000,72,7197000,/nfs3_ib/nfs-ip34/home/def-ilafores/analysis/boreal_moss/preproc/S-5-DICUND-B/S-5-DICUND-B_unmatched_2.fastq,S-5-DICUND-B,fe566679,1662463000,31,DNA,1000,1662463,True,0.7225199989669167,0.857700647830733,0.7901103233988248,0.857700647830733,False,74,87052,2825683
174000,0.00010466398349918164,0.007536382536382537,3.488799449972721e-05,3.0081222840637113e-05,1.4655172413793103,1.0,0.8553183968836179,/nfs3_ib/nfs-ip34/home/def-ilafores/ref_dbs/sourmash_db/gtdb-rs214-reps.k31.zip,"GCF_900105125.1 Bradyrhizobium canariense strain=GAS369 IMG-taxon 2693430033 annotated assembly",1646a1901cd35bc0a2dfbfe37cfac575,0.02260914760914761,58000,73,7139000,/nfs3_ib/nfs-ip34/home/def-ilafores/analysis/boreal_moss/preproc/S-5-DICUND-B/S-5-DICUND-B_unmatched_2.fastq,S-5-DICUND-B,fe566679,1662463000,31,DNA,1000,1662463,True,0.7440572679369594,0.8849370804516405,0.8144971741942999,0.8849370804516405,False,85,87137,2825683
61000,3.669254593936828e-05,0.012161297205035204,3.4286477353180194e-05,3.326629349435163e-05,1.6491228070175439,1.0,1.0511685739610697,/nfs3_ib/nfs-ip34/home/def-ilafores/ref_dbs/sourmash_db/gtdb-rs214-reps.k31.zip,"GCA_003134035.1 Candidatus Eremiobacteraeota bacterium 20111000_S2S",359d329c2d854e4facae7e1d70ca21df,0.013014721570300833,57000,74,7082000,/nfs3_ib/nfs-ip34/home/def-ilafores/analysis/boreal_moss/preproc/S-5-DICUND-B/S-5-DICUND-B_unmatched_2.fastq,S-5-DICUND-B,fe566679,1662463000,31,DNA,1000,1662463,True,0.7193195534831139,0.8693112875709552,0.7943154205270346,0.8693112875709552,False,94,87231,2825683
89000,5.353502604268486e-05,0.007867378477100308,3.368496020663317e-05,5.025333698082906e-05,2.5357142857142856,1.0,2.5632309808568734,/nfs3_ib/nfs-ip34/home/def-ilafores/ref_dbs/sourmash_db/gtdb-rs214-reps.k31.zip,"GCA_003168255.1 Actinobacteria bacterium 20110700_P1S",68f812f567bfa7a68f0bde20620494f9,0.01250351222253442,56000,75,7026000,/nfs3_ib/nfs-ip34/home/def-ilafores/analysis/boreal_moss/preproc/S-5-DICUND-B/S-5-DICUND-B_unmatched_2.fastq,S-5-DICUND-B,fe566679,1662463000,31,DNA,1000,1662463,True,0.7281387260648826,0.8681883147585706,0.7981635204117266,0.8681883147585706,False,142,87373,2825683
78000,4.691833743066763e-05,0.010403120936280884,3.368496020663317e-05,3.6451364148066146e-05,1.8392857142857142,1.0,1.2645832983110867,/nfs3_ib/nfs-ip34/home/def-ilafores/ref_dbs/sourmash_db/gtdb-rs214-reps.k31.zip,"GCF_900188085.1 Granulicella rosea strain=DSM 18704 IMG-taxon 2681813547 annotated assembly",5bf6cf0aac1de2bb6e004cce08811162,0.014490061304105517,56000,76,6970000,/nfs3_ib/nfs-ip34/home/def-ilafores/analysis/boreal_moss/preproc/S-5-DICUND-B/S-5-DICUND-B_unmatched_2.fastq,S-5-DICUND-B,fe566679,1662463000,31,DNA,1000,1662463,True,0.725046550681049,0.8723277427315819,0.7986871467063155,0.8723277427315819,False,103,87476,2825683
75000,4.511378599102657e-05,0.010342233922527266,3.308344306008615e-05,3.999033154108228e-05,2.0545454545454547,1.0,2.1270396142670114,/nfs3_ib/nfs-ip34/home/def-ilafores/ref_dbs/sourmash_db/gtdb-rs214-reps.k31.zip,"GCA_017304945.1 Rhodospirillales bacterium ASM1730494v1",f42de11443ccdf6b4b0285454389f7a2,0.014103046257991726,55000,77,6915000,/nfs3_ib/nfs-ip34/home/def-ilafores/analysis/boreal_moss/preproc/S-5-DICUND-B/S-5-DICUND-B_unmatched_2.fastq,S-5-DICUND-B,fe566679,1662463000,31,DNA,1000,1662463,True,0.7241298132149966,0.8715662752149825,0.7978480442149896,0.8715662752149825,False,113,87589,2825683
209000,0.00012571708362832737,0.01012518409425626,3.308344306008615e-05,3.185070653714518e-05,1.6363636363636365,1.0,1.1014640895171606,/nfs3_ib/nfs-ip34/home/def-ilafores/ref_dbs/sourmash_db/gtdb-rs214-reps.k31.zip,"GCF_018736105.1 Bradyrhizobium sp. S2-11-2 strain=S2-11-2 ASM1873610v1",3dbad586612a78371a166b57b2f2c1dd,0.03847569955817379,55000,78,6860000,/nfs3_ib/nfs-ip34/home/def-ilafores/analysis/boreal_moss/preproc/S-5-DICUND-B/S-5-DICUND-B_unmatched_2.fastq,S-5-DICUND-B,fe566679,1662463000,31,DNA,1000,1662463,True,0.7484693310855519,0.9002452853965323,0.824357308241042,0.9002452853965323,False,90,87679,2825683
91000,5.4738060335778904e-05,0.017583848909150115,3.248192591353913e-05,3.7513054365970986e-05,1.962962962962963,1.0,1.4396882759686527,/nfs3_ib/nfs-ip34//home/def-ilafores/analysis/NovelTaxa/Boreal_mosses/tmp/sourmash/sketches/nMAGs_index.sbt.zip,Brown_T.bin.10,9e68a6c2f87b876e3b58112548c323cf,0.02963204168023445,54000,79,6806000,/nfs3_ib/nfs-ip34/home/def-ilafores/analysis/boreal_moss/preproc/S-5-DICUND-B/S-5-DICUND-B_unmatched_2.fastq,S-5-DICUND-B,fe566679,1662463000,31,DNA,1000,1662463,True,0.7286608979346502,0.8926927061172509,0.8106768020259505,0.8926927061172509,False,106,87785,2825683
57000,3.4286477353180194e-05,0.009565857247976454,3.1278891620445086e-05,4.60065761092097e-05,2.5,2.0,4.199358925433189,/nfs3_ib/nfs-ip34/home/def-ilafores/ref_dbs/sourmash_db/gtdb-rs214-reps.k31.zip,"GCA_003134045.1 Gammaproteobacteria bacterium 20111000_S2M",20ee54e7d005b51b3026c0a372bd035d,0.010485651214128035,52000,80,6754000,/nfs3_ib/nfs-ip34/home/def-ilafores/analysis/boreal_moss/preproc/S-5-DICUND-B/S-5-DICUND-B_unmatched_2.fastq,S-5-DICUND-B,fe566679,1662463000,31,DNA,1000,1662463,True,0.7177475279718236,0.8632731609360703,0.790510344453947,0.8632731609360703,False,130,87915,2825683
54000,3.248192591353913e-05,0.010723296888141295,3.067737447389807e-05,3.538967393016131e-05,1.9607843137254901,1.0,1.5713212164430723,/nfs3_ib/nfs-ip34/home/def-ilafores/ref_dbs/sourmash_db/gtdb-rs214-reps.k31.zip,"GCA_903832295.1 uncultured Acidobacteria bacterium freshwater MAG --- G1coas_bin-1745",5d3df5090d05a0d3de480542f78d5cdc,0.011354079058031959,51000,81,6703000,/nfs3_ib/nfs-ip34/home/def-ilafores/analysis/boreal_moss/preproc/S-5-DICUND-B/S-5-DICUND-B_unmatched_2.fastq,S-5-DICUND-B,fe566679,1662463000,31,DNA,1000,1662463,True,0.7164967927236698,0.865491814756602,0.7909943037401359,0.865491814756602,False,100,88015,2825683
62000,3.7294063085915295e-05,0.00906183368869936,3.067737447389807e-05,2.7603945665525823e-05,1.5294117647058822,1.0,0.6672431187126885,/nfs3_ib/nfs-ip34/home/def-ilafores/ref_dbs/sourmash_db/gtdb-rs214-reps.k31.zip,"GCA_903915535.1 Enhydrobacter aerosaccus freshwater MAG --- Umea3p3_bin-0614",23dd3b446bba5c72fa96daa0d4bab2a1,0.01101634683724236,51000,82,6652000,/nfs3_ib/nfs-ip34/home/def-ilafores/analysis/boreal_moss/preproc/S-5-DICUND-B/S-5-DICUND-B_unmatched_2.fastq,S-5-DICUND-B,fe566679,1662463000,31,DNA,1000,1662463,True,0.7196969592493014,0.8646491574220575,0.7921730583356794,0.8646491574220575,False,78,88093,2825683
74000,4.4512268844479546e-05,0.009129967776584319,3.067737447389807e-05,2.6896152186922594e-05,1.4901960784313726,1.0,1.2582675456576036,/nfs3_ib/nfs-ip34/home/def-ilafores/ref_dbs/sourmash_db/gtdb-rs214-reps.k31.zip,"GCF_900108185.1 Bryocella elongata strain=DSM 22489 IMG-taxon 2684622995 annotated assembly",4dd57c19fb0509acbe707481a0a6648e,0.013247404224847834,51000,83,6601000,/nfs3_ib/nfs-ip34/home/def-ilafores/analysis/boreal_moss/preproc/S-5-DICUND-B/S-5-DICUND-B_unmatched_2.fastq,S-5-DICUND-B,fe566679,1662463000,31,DNA,1000,1662463,True,0.7238163324045316,0.8698083526474523,0.7968123425259919,0.8698083526474523,False,76,88169,2825683
127000,7.639267761147165e-05,0.008401949252226516,3.0075857327351045e-05,2.5834461969017755e-05,1.46,1.0,0.7539230729988305,/nfs3_ib/nfs-ip34/home/def-ilafores/ref_dbs/sourmash_db/gtdb-rs214-reps.k31.zip,"GCA_013289985.1 Betaproteobacteria bacterium ASM1328998v1",59088e25aed45564f8106db293acfd83,0.021340951100655352,50000,84,6551000,/nfs3_ib/nfs-ip34/home/def-ilafores/analysis/boreal_moss/preproc/S-5-DICUND-B/S-5-DICUND-B_unmatched_2.fastq,S-5-DICUND-B,fe566679,1662463000,31,DNA,1000,1662463,True,0.7365381000424521,0.8832907247426719,0.809914412392562,0.8832907247426719,False,73,88242,2825683
